incident_id,timestamp,network_element,alert_type,severity,status,description,resolution_notes
INC-10231,2026-08-01 02:14,eNodeB-4471-Pune,Cell Down,Critical,Resolved,"Cell 4471-3 dropped from network, 0 throughput reported","Power supply unit reseated by field team; cell restored at 03:02"
INC-10232,2026-08-01 03:40,Core-MME-07,Signalling Storm,High,Resolved,"Abnormal S1AP signalling spike, 3x baseline","Traced to misconfigured retry timer on eNodeB-4471; timer corrected"
INC-10233,2026-08-01 05:12,gNodeB-9012-Lucknow,High Latency,Medium,In Progress,"Average latency 180ms vs 40ms baseline on 5G NSA carrier","Backhaul link congestion suspected; ISP ticket raised"
INC-10234,2026-08-01 06:03,Core-HSS-02,Auth Failures,High,Resolved,"Spike in authentication failures for roaming subscribers","HSS database replication lag resolved after failover"
INC-10235,2026-08-01 07:21,eNodeB-2210-Kanpur,Cell Down,Critical,Open,"Cell 2210-1 unreachable since 07:18, no alarms prior","Dispatch scheduled; suspected fibre cut near site"
INC-10236,2026-08-01 08:45,Core-PGW-04,Packet Loss,Medium,Resolved,"Packet loss 2.1% on APN internet.telco, sustained 15 min","PGW process restarted; loss returned to baseline"
INC-10237,2026-08-01 09:10,gNodeB-9012-Lucknow,High Latency,Medium,Resolved,"Latency issue from INC-10233 persisted","ISP resolved backhaul congestion; confirmed stable for 1 hour"
INC-10238,2026-08-01 10:32,Core-MME-07,Signalling Storm,Low,Resolved,"Minor signalling spike, within tolerance","Monitored only, no action required"
INC-10239,2026-08-01 11:55,eNodeB-4471-Pune,Cell Down,High,Open,"Adjacent cell 4471-4 showing intermittent drops post INC-10231","Field team re-dispatched to verify power stability"
INC-10240,2026-08-01 13:02,Core-HSS-02,Auth Failures,Medium,Resolved,"Secondary auth failure spike after replication fix","Config validated; no further action needed"
