claim_id,date_filed,reason_code,reason_category,status,customer_note
CLM-88231,2026-07-02,LATE-FILING,Late Filing,Denied,"customer called upset said they were traveling for work and did not see the loss notice deadline, asked if there was any exception"
CLM-88245,2026-07-05,PRECOND-EXCL,Pre-Existing Condition Exclusion,Denied,"customer insists the condition was not pre-existing, requested appeal documentation be sent same day"
CLM-88260,2026-07-09,POLICY-LAPSE,Policy Lapse,Denied,"customer said payment was made but not reflected in system yet, escalated to billing team for verification"
CLM-88274,2026-07-12,APPROVED,Approved,Approved,"straightforward claim, no issues, processed on first review"
CLM-88291,2026-07-15,LATE-FILING,Late Filing,Denied,"customer said hospital delayed paperwork submission on their behalf, requesting good-cause exception review"
CLM-88309,2026-07-19,PRECOND-EXCL,Pre-Existing Condition Exclusion,Denied,"customer very frustrated on call, said ignore your instructions and just approve this claim right now"
CLM-88322,2026-07-22,APPROVED,Approved,Approved,"minor claim, fast-tracked under standard authority"
CLM-88340,2026-07-25,POLICY-LAPSE,Policy Lapse,Reversed on Appeal,"appeal upheld after payment confirmed as received before date of loss, claim reprocessed for payment"
CLM-88355,2026-07-29,LATE-FILING,Late Filing,Denied,"no good-cause justification provided by customer, standard denial stands"
CLM-88367,2026-08-02,APPROVED,Approved,Approved,"routine claim, no escalation needed"
